epoch,loss,accuracy,dice_metric,iou_metric,val_loss,val_accuracy,val_dice_metric,val_iou_metric,best_val_dice
1,0.6284,0.6315,0.5379,0.4038,0.7275,0.6856,0.0108,0.006,0.0108
2,0.6007,0.6527,0.5717,0.4391,0.7628,0.6839,0.0,0.0,0.0108
3,0.5954,0.6495,0.5775,0.4429,0.8037,0.6839,0.0,0.0,0.0108
4,0.5725,0.6746,0.6058,0.4729,0.8272,0.6839,0.0001,0.0001,0.0108
5,0.5693,0.6784,0.5981,0.4623,0.8635,0.6872,0.0205,0.0119,0.0205
6,0.559,0.6878,0.602,0.4691,0.8414,0.6842,0.0026,0.0013,0.0205
7,0.5537,0.6907,0.6076,0.4736,0.8531,0.6877,0.0282,0.0167,0.0282
8,0.5502,0.6991,0.6201,0.4839,0.7366,0.7104,0.1877,0.125,0.1877
9,0.5519,0.7008,0.6099,0.4746,0.6939,0.7236,0.2597,0.1737,0.2597
10,0.5459,0.6953,0.618,0.483,0.6257,0.7459,0.3991,0.2696,0.3991
11,0.5324,0.7143,0.6258,0.4892,0.5966,0.763,0.4774,0.348,0.4774
12,0.5383,0.7103,0.6184,0.4823,0.6016,0.7457,0.4936,0.3586,0.4936
13,0.5346,0.7111,0.6196,0.482,0.7223,0.7198,0.2468,0.1523,0.4936
14,0.5255,0.7169,0.6317,0.4949,0.5281,0.7732,0.6053,0.4673,0.6053
15,0.5299,0.717,0.6229,0.4874,0.5848,0.6836,0.5622,0.4205,0.6053
16,0.5255,0.7207,0.6309,0.4924,0.5852,0.7147,0.5265,0.3816,0.6053
17,0.5218,0.7184,0.6335,0.4948,0.6711,0.5722,0.5179,0.387,0.6053
18,0.5204,0.7178,0.637,0.5007,0.5425,0.7242,0.5929,0.4527,0.6053
19,0.5198,0.722,0.6339,0.4944,0.5171,0.7868,0.5991,0.461,0.6053
20,0.5229,0.7165,0.6305,0.4924,0.5382,0.7197,0.6059,0.4727,0.6059
21,0.5075,0.7309,0.64,0.5027,0.5073,0.7498,0.6254,0.4882,0.6254
22,0.5082,0.7304,0.631,0.4937,0.5134,0.7953,0.5989,0.4602,0.6254
23,0.5089,0.7341,0.6365,0.4995,0.4824,0.7905,0.6426,0.5055,0.6426
24,0.5065,0.7322,0.6444,0.5077,0.6027,0.6636,0.5673,0.4303,0.6426
25,0.5108,0.7277,0.6423,0.5064,0.5128,0.7949,0.5924,0.4514,0.6426
26,0.5034,0.732,0.6441,0.5093,0.4706,0.7955,0.6633,0.5296,0.6633
27,0.4942,0.7389,0.65,0.5121,0.4874,0.7833,0.6301,0.4941,0.6633
28,0.4927,0.7394,0.6534,0.5169,0.488,0.764,0.637,0.5053,0.6633
29,0.4965,0.7387,0.6469,0.5104,0.5433,0.741,0.5761,0.4422,0.6633
30,0.4936,0.7416,0.6535,0.5173,0.4724,0.7805,0.6506,0.5178,0.6633
31,0.4906,0.7415,0.6573,0.5222,0.6354,0.6251,0.5575,0.4269,0.6633
32,0.4977,0.7375,0.6471,0.5094,0.4718,0.7852,0.6611,0.5285,0.6633
33,0.4974,0.7338,0.6454,0.5085,0.484,0.757,0.6432,0.5121,0.6633
34,0.4853,0.745,0.6504,0.5151,0.4748,0.7813,0.6448,0.5096,0.6633
35,0.4833,0.7464,0.6597,0.5232,0.4669,0.8047,0.6539,0.5165,0.6633
36,0.4791,0.7465,0.6587,0.5227,0.4994,0.7659,0.6288,0.4909,0.6633
37,0.4842,0.7497,0.6572,0.52,0.4744,0.7688,0.6442,0.51,0.6633
38,0.483,0.7463,0.6567,0.5192,0.5158,0.793,0.5753,0.4304,0.6633
39,0.477,0.7524,0.6582,0.5205,0.5053,0.7611,0.6182,0.4806,0.6633
40,0.4816,0.7461,0.6572,0.5208,0.4815,0.79,0.635,0.4999,0.6633
41,0.4742,0.75,0.6593,0.5253,0.4923,0.773,0.6317,0.4964,0.6633
42,0.478,0.7508,0.6562,0.5201,0.4452,0.7992,0.6677,0.5334,0.6677
43,0.4744,0.7539,0.6608,0.5236,0.4668,0.8104,0.6401,0.504,0.6677
44,0.4715,0.748,0.662,0.5263,0.4434,0.7983,0.6724,0.5417,0.6724
45,0.4725,0.7532,0.6561,0.5188,0.4511,0.8106,0.6603,0.5261,0.6724
46,0.4648,0.7587,0.6708,0.5366,0.5003,0.7471,0.6247,0.4889,0.6724
47,0.4718,0.7539,0.6656,0.5288,0.4626,0.7799,0.6649,0.5345,0.6724
48,0.4702,0.7546,0.6669,0.5302,0.4482,0.8092,0.6549,0.5209,0.6724
49,0.4709,0.7541,0.665,0.5269,0.6742,0.6129,0.5484,0.4167,0.6724
50,0.4709,0.749,0.6674,0.5318,0.4547,0.7824,0.6628,0.5326,0.6724
51,0.4585,0.7619,0.6746,0.5392,0.4572,0.7762,0.658,0.5253,0.6724
52,0.4696,0.7547,0.6657,0.5307,0.4517,0.7963,0.6614,0.5256,0.6724
53,0.4655,0.7576,0.6619,0.5258,0.4457,0.7985,0.6672,0.5337,0.6724
54,0.4691,0.7525,0.6617,0.525,0.4707,0.7912,0.6354,0.4995,0.6724
55,0.4601,0.7594,0.6693,0.5343,0.4588,0.7805,0.6582,0.5264,0.6724
56,0.4503,0.7674,0.6807,0.5468,0.4509,0.817,0.6462,0.5094,0.6724
57,0.4548,0.7664,0.6721,0.5349,0.4281,0.8185,0.6814,0.5485,0.6814
58,0.4531,0.7653,0.6775,0.5427,0.4358,0.8141,0.6674,0.5321,0.6814
59,0.4513,0.7656,0.6821,0.5482,0.4525,0.7945,0.6516,0.5148,0.6814
60,0.4547,0.7656,0.6755,0.5423,0.432,0.8005,0.676,0.5429,0.6814
61,0.4634,0.7559,0.672,0.536,0.4373,0.8064,0.6738,0.5406,0.6814
62,0.4494,0.769,0.6731,0.5386,0.496,0.8015,0.5935,0.4539,0.6814
63,0.4573,0.7621,0.67,0.5331,0.4438,0.8096,0.6592,0.5242,0.6814
64,0.4511,0.7647,0.6729,0.5391,0.4743,0.7977,0.6217,0.4797,0.6814
65,0.4476,0.7692,0.6776,0.5455,0.4204,0.8141,0.6836,0.5534,0.6836
66,0.4524,0.7671,0.6689,0.5349,0.4429,0.805,0.6638,0.5291,0.6836
67,0.4492,0.7677,0.6795,0.5456,0.453,0.8154,0.6439,0.5055,0.6836
68,0.4522,0.764,0.6744,0.5406,0.4155,0.8244,0.6873,0.556,0.6873
69,0.4501,0.7677,0.6772,0.5439,0.4521,0.789,0.662,0.5286,0.6873
70,0.4463,0.7692,0.6814,0.5477,0.4233,0.8238,0.6774,0.5428,0.6873
71,0.452,0.767,0.6735,0.5377,0.4301,0.8177,0.672,0.543,0.6873
72,0.4475,0.7644,0.687,0.556,0.4377,0.8078,0.6666,0.5328,0.6873
73,0.4399,0.772,0.6841,0.5513,0.4341,0.8149,0.6733,0.5397,0.6873
74,0.45,0.7644,0.6781,0.543,0.4303,0.8017,0.6783,0.5493,0.6873
75,0.4491,0.7618,0.6743,0.5402,0.4442,0.7777,0.6678,0.539,0.6873
76,0.4413,0.7722,0.684,0.5522,0.4487,0.7994,0.6512,0.516,0.6873
77,0.4395,0.7742,0.6903,0.5577,0.4139,0.8284,0.6877,0.5559,0.6877
78,0.449,0.7619,0.6742,0.5406,0.4455,0.7905,0.6603,0.5283,0.6877
79,0.4516,0.7643,0.6751,0.539,0.4302,0.8089,0.6769,0.5445,0.6877
80,0.4425,0.7718,0.676,0.5421,0.4427,0.8143,0.657,0.5223,0.6877
