epoch,accuracy,dice_metric,iou_metric,loss,val_accuracy,val_dice_metric,val_iou_metric,val_loss
0,0.6469538807868958,0.5567356944084167,0.4248538613319397,0.6706829071044922,0.6838874220848083,8.908648124750229e-11,8.908648124750229e-11,0.8926467299461365
1,0.6555193662643433,0.5701209306716919,0.4373150169849396,0.6504063606262207,0.6839924454689026,0.0005129087949171662,0.0002645972417667508,0.891546905040741
2,0.6765403151512146,0.5941213965415955,0.46282780170440674,0.6231635808944702,0.689712405204773,0.037451114505529404,0.023625023663043976,0.8556312322616577
3,0.6901559233665466,0.6061469316482544,0.4725359082221985,0.6036426424980164,0.7070187330245972,0.22557729482650757,0.1514880657196045,0.7563936710357666
4,0.6815643906593323,0.601826012134552,0.46426093578338623,0.6031741499900818,0.712342381477356,0.5644567608833313,0.4284653961658478,0.6380879282951355
5,0.6971701383590698,0.6085090041160583,0.4742850661277771,0.5919340252876282,0.5536321401596069,0.5098968744277954,0.3799322247505188,0.7160195112228394
6,0.6863358616828918,0.5989336967468262,0.4629182517528534,0.5926021337509155,0.771956205368042,0.6062833070755005,0.46670961380004883,0.5901988744735718
7,0.6997971534729004,0.603786051273346,0.4663684070110321,0.5805726647377014,0.7491496801376343,0.6179603338241577,0.48122888803482056,0.56717449426651
8,0.7035868167877197,0.619143009185791,0.48337697982788086,0.5656585693359375,0.7612130045890808,0.6133339405059814,0.4699341356754303,0.5744765400886536
9,0.7136743664741516,0.6239786744117737,0.48809224367141724,0.5558655261993408,0.7974448204040527,0.6243575215339661,0.48201116919517517,0.5429339408874512
10,0.7125793099403381,0.6223985552787781,0.48378390073776245,0.5550970435142517,0.5386465787887573,0.5149182677268982,0.3849545121192932,0.8007586598396301
11,0.7170873284339905,0.6254610419273376,0.4886542558670044,0.5484108924865723,0.7423233985900879,0.6243560910224915,0.4876539409160614,0.5447555184364319
12,0.717842161655426,0.6271777749061584,0.4879588782787323,0.5448001027107239,0.7819206118583679,0.607654869556427,0.4664889872074127,0.5391097068786621
13,0.729102611541748,0.6402824521064758,0.5014067888259888,0.5258469581604004,0.7552839517593384,0.6300668716430664,0.4981241524219513,0.5160982012748718
14,0.7274804711341858,0.6352027058601379,0.49709436297416687,0.5285474061965942,0.7371147871017456,0.6277164816856384,0.49527081847190857,0.5327901244163513
15,0.7307465672492981,0.642094075679779,0.5068285465240479,0.5193067193031311,0.7648102641105652,0.6285625100135803,0.4908997416496277,0.5242697596549988
16,0.7280986905097961,0.6402544379234314,0.5016385912895203,0.5214916467666626,0.680138111114502,0.5957013964653015,0.47193068265914917,0.5755305290222168
17,0.7319529056549072,0.641170859336853,0.5039829611778259,0.5200499892234802,0.5728639960289001,0.5425622463226318,0.4174191653728485,0.6871802806854248
18,0.7221848368644714,0.6367020010948181,0.4981269836425781,0.5251415967941284,0.7804084420204163,0.5885183811187744,0.44746071100234985,0.5342591404914856
19,0.7361721396446228,0.6471285820007324,0.5086833834648132,0.5085254311561584,0.7906050682067871,0.5957959890365601,0.4514593780040741,0.5256319046020508
20,0.7383965253829956,0.647533118724823,0.510313868522644,0.504156231880188,0.721594512462616,0.6166755557060242,0.48205888271331787,0.5444850921630859
21,0.7367401719093323,0.6460687518119812,0.5085812211036682,0.506926953792572,0.7843288779258728,0.642266035079956,0.5071776509284973,0.49256348609924316
22,0.7358922958374023,0.64942866563797,0.5118244886398315,0.4986482858657837,0.6541864275932312,0.5914384126663208,0.4677463471889496,0.5806342959403992
23,0.7369305491447449,0.6413136124610901,0.5028805732727051,0.5027603507041931,0.7983948588371277,0.6267662048339844,0.48595914244651794,0.48920580744743347
24,0.7372698187828064,0.6473820805549622,0.50946444272995,0.5005695819854736,0.7343190312385559,0.6361728310585022,0.5026642084121704,0.5072314143180847
25,0.7449038624763489,0.6502533555030823,0.5141040086746216,0.4933415651321411,0.751288652420044,0.6425169110298157,0.5121645331382751,0.5120786428451538
26,0.7417661547660828,0.6498581171035767,0.5120753049850464,0.4945646822452545,0.7054593563079834,0.619228720664978,0.489555686712265,0.5302974581718445
27,0.7516440749168396,0.6569884419441223,0.5199163556098938,0.4854893386363983,0.5800066590309143,0.5365027189254761,0.4061260223388672,0.6303055882453918
28,0.7486591339111328,0.6578568816184998,0.5210998058319092,0.48616233468055725,0.7705071568489075,0.6592055559158325,0.5304247140884399,0.47091352939605713
29,0.7480697631835938,0.6546337008476257,0.5186854004859924,0.48523983359336853,0.7303634881973267,0.6283642649650574,0.49791672825813293,0.5284199714660645
30,0.7525129318237305,0.6592888832092285,0.522188127040863,0.47772014141082764,0.793928861618042,0.6666776537895203,0.5308147668838501,0.4582192301750183
31,0.749915599822998,0.6596625447273254,0.5237554907798767,0.4817206561565399,0.8092141151428223,0.6739588975906372,0.5380139946937561,0.44794633984565735
32,0.755965530872345,0.6686217784881592,0.5321524143218994,0.4714127480983734,0.7926085591316223,0.6710663437843323,0.5372984409332275,0.44933021068573
33,0.7599470615386963,0.6736863255500793,0.5375253558158875,0.46507829427719116,0.7711317539215088,0.6598431468009949,0.5276914834976196,0.46500012278556824
34,0.7496860027313232,0.6540063619613647,0.5181854367256165,0.4843743145465851,0.7609646916389465,0.6370083093643188,0.5043192505836487,0.48797357082366943
35,0.7534220814704895,0.6617507338523865,0.524789571762085,0.4766557216644287,0.6751033663749695,0.5969801545143127,0.4694816768169403,0.5493060946464539
36,0.7515828609466553,0.6570999026298523,0.5229654908180237,0.476443886756897,0.7905641198158264,0.6749525666236877,0.5416262745857239,0.45099392533302307
37,0.7559697031974792,0.6650645136833191,0.528518795967102,0.4694768190383911,0.8062861561775208,0.682244598865509,0.5521430969238281,0.4390064477920532
38,0.7598701119422913,0.6723361015319824,0.5370577573776245,0.4648107588291168,0.811789870262146,0.6680455803871155,0.5357091426849365,0.44682997465133667
39,0.7597161531448364,0.6764276623725891,0.5411299467086792,0.4600108563899994,0.7650179266929626,0.6554517149925232,0.5281928777694702,0.4741511940956116
40,0.7615395188331604,0.6688877940177917,0.5323368310928345,0.46416470408439636,0.754105269908905,0.6417014002799988,0.5082943439483643,0.4878186583518982
41,0.7548385858535767,0.6639261245727539,0.5294046998023987,0.470169335603714,0.7468255162239075,0.6468032002449036,0.5206059217453003,0.4804059565067291
42,0.7490435242652893,0.6524919867515564,0.5167297720909119,0.48093149065971375,0.7746953964233398,0.6579110026359558,0.5273868441581726,0.46141892671585083
43,0.7562535405158997,0.6708826422691345,0.5352470278739929,0.46345436573028564,0.813719630241394,0.6308492422103882,0.4947695732116699,0.46636882424354553
44,0.7609255313873291,0.6728839874267578,0.5385996103286743,0.4594774842262268,0.7769263982772827,0.655204713344574,0.5197227597236633,0.46884244680404663
45,0.7682954668998718,0.6745566725730896,0.538449227809906,0.45687738060951233,0.7242985963821411,0.6274282336235046,0.4996001422405243,0.5080904364585876
46,0.7538539171218872,0.657162070274353,0.5204299092292786,0.47525036334991455,0.7418244481086731,0.6440684795379639,0.5153220295906067,0.505307137966156
47,0.760229229927063,0.6688588857650757,0.5348096489906311,0.4603782892227173,0.7888199090957642,0.6558341979980469,0.5218881964683533,0.4540644884109497
48,0.7656205296516418,0.6774235963821411,0.5424257516860962,0.45380738377571106,0.6350061297416687,0.5741681456565857,0.44877520203590393,0.6592696309089661
49,0.7578381299972534,0.6677075624465942,0.5304474830627441,0.4637956917285919,0.7232763767242432,0.632788360118866,0.5061136484146118,0.525656521320343
50,0.7644472718238831,0.6745775938034058,0.5388432145118713,0.457673579454422,0.7952846884727478,0.6427894234657288,0.5041522979736328,0.4652547538280487
51,0.7716688513755798,0.6827203631401062,0.5486434102058411,0.4456445276737213,0.8025062680244446,0.6904779672622681,0.5637966394424438,0.42843708395957947
52,0.7660396099090576,0.6795415282249451,0.5448845028877258,0.44991984963417053,0.7958999872207642,0.6757458448410034,0.5482689738273621,0.4392402768135071
53,0.7712984681129456,0.6832154393196106,0.5495387315750122,0.44475892186164856,0.806540846824646,0.691291868686676,0.5653939843177795,0.42567819356918335
54,0.7651675939559937,0.682500422000885,0.5484254360198975,0.44845935702323914,0.8016212582588196,0.6894475817680359,0.5639736652374268,0.42319241166114807
55,0.7693503499031067,0.67779940366745,0.5438344478607178,0.45036664605140686,0.8267533779144287,0.6661547422409058,0.535556972026825,0.43256643414497375
56,0.7668551206588745,0.6813395023345947,0.5471349358558655,0.4484671950340271,0.8073509931564331,0.6861986517906189,0.5564943552017212,0.4226202070713043
57,0.7707611322402954,0.6872547268867493,0.5544888377189636,0.44390854239463806,0.7523748874664307,0.6533167362213135,0.5295570492744446,0.4720318019390106
58,0.7680521011352539,0.6789777278900146,0.544738233089447,0.45061880350112915,0.797784149646759,0.6879988312721252,0.5642569661140442,0.42403826117515564
59,0.7763550877571106,0.6832535862922668,0.5479072332382202,0.44348907470703125,0.8161855936050415,0.6584967374801636,0.5179550051689148,0.4448181688785553
60,0.7736415863037109,0.6851680874824524,0.5523285865783691,0.44288307428359985,0.8136090636253357,0.6806108951568604,0.5499333739280701,0.4261516034603119
61,0.7733094692230225,0.6842573881149292,0.5518565773963928,0.43934181332588196,0.8247734308242798,0.6947423815727234,0.5603780746459961,0.4172637462615967
62,0.7701137661933899,0.6826518774032593,0.5473118424415588,0.44329825043678284,0.7513323426246643,0.6524792909622192,0.5250349044799805,0.47779300808906555
63,0.7680822610855103,0.6802670359611511,0.5455460548400879,0.44934844970703125,0.805273711681366,0.6732131242752075,0.5420020818710327,0.43695321679115295
64,0.7711395025253296,0.6815481781959534,0.5472536683082581,0.44373974204063416,0.799691379070282,0.6834167838096619,0.5525535941123962,0.429935097694397
65,0.7708010077476501,0.6846916079521179,0.5505988001823425,0.44259655475616455,0.7710371613502502,0.6649409532546997,0.5402290225028992,0.4600946009159088
66,0.7787408232688904,0.6916419267654419,0.5583573579788208,0.435207724571228,0.7746701836585999,0.6464763283729553,0.5156092643737793,0.4611656665802002
67,0.7743874788284302,0.6811100244522095,0.5469005703926086,0.4409579932689667,0.8149261474609375,0.6842029690742493,0.5549077987670898,0.42497357726097107
68,0.7806968688964844,0.6888484954833984,0.5565357208251953,0.43192124366760254,0.7705530524253845,0.6658657193183899,0.5392448306083679,0.4562416672706604
69,0.7820054888725281,0.6935508251190186,0.5616962313652039,0.43023836612701416,0.815610945224762,0.651410698890686,0.5123175382614136,0.45178917050361633
70,0.7745386958122253,0.6833575963973999,0.548592209815979,0.4401372969150543,0.7505849003791809,0.6501243114471436,0.5237261056900024,0.4731791913509369
71,0.7806812524795532,0.6914888620376587,0.5587612986564636,0.43320322036743164,0.7418889999389648,0.6498212814331055,0.5267243981361389,0.4767754077911377
72,0.7800090909004211,0.68867027759552,0.5556939840316772,0.4313603341579437,0.817855715751648,0.6849877834320068,0.5553977489471436,0.42336931824684143
73,0.7784080505371094,0.6880787014961243,0.5561678409576416,0.4304921329021454,0.8034952282905579,0.6844521164894104,0.5558992624282837,0.423969030380249
74,0.7850125432014465,0.6968716382980347,0.5610283613204956,0.42898446321487427,0.8100618720054626,0.6894713640213013,0.5641263723373413,0.4216470718383789
75,0.7884790897369385,0.6960508227348328,0.5667082071304321,0.41987162828445435,0.7202494144439697,0.6303667426109314,0.5053687691688538,0.5116142630577087
76,0.7795091271400452,0.6932811737060547,0.5611044764518738,0.4317465126514435,0.7881374359130859,0.6774306893348694,0.547254204750061,0.4320034980773926
77,0.7807166576385498,0.6942281723022461,0.5612755417823792,0.4305111765861511,0.8122455477714539,0.6887589693069458,0.5549709796905518,0.41575485467910767
78,0.7805834412574768,0.693698525428772,0.5597723126411438,0.4321345090866089,0.8011481165885925,0.6849786043167114,0.553175151348114,0.4332153797149658
79,0.7831689119338989,0.7000934481620789,0.5684841275215149,0.42479100823402405,0.8019980192184448,0.6883174180984497,0.5613709092140198,0.4257258474826813
80,0.7820820808410645,0.6923115849494934,0.5596476793289185,0.4289845824241638,0.8113520741462708,0.6787843704223633,0.549152672290802,0.43145444989204407
81,0.7792767882347107,0.6925617456436157,0.5588342547416687,0.433322012424469,0.7547516226768494,0.6575747132301331,0.535391628742218,0.4693154990673065
82,0.781613826751709,0.69854736328125,0.5678787231445312,0.4261137843132019,0.8266087770462036,0.7059438824653625,0.5812569856643677,0.3999418020248413
83,0.7923346161842346,0.7055993676185608,0.575111985206604,0.4140128493309021,0.8239296078681946,0.7044437527656555,0.574763834476471,0.4023760259151459
84,0.7857861518859863,0.697043776512146,0.5663114190101624,0.42465078830718994,0.8331644535064697,0.6949120759963989,0.563463032245636,0.4081754684448242
85,0.7924399375915527,0.7077983021736145,0.5758121609687805,0.411655068397522,0.7999330163002014,0.6831212639808655,0.5517312288284302,0.42928141355514526
86,0.7903220653533936,0.7040647864341736,0.5730883479118347,0.41640350222587585,0.8018079996109009,0.6904682517051697,0.5670239925384521,0.4177013039588928
87,0.7848863005638123,0.700667142868042,0.5704439282417297,0.420987069606781,0.832619845867157,0.6954370737075806,0.5622946619987488,0.4091908037662506
88,0.7901046872138977,0.7092682719230652,0.5797141194343567,0.4128102660179138,0.8479613065719604,0.7069957256317139,0.5779837369918823,0.3860355615615845
89,0.7922840714454651,0.7057856321334839,0.574912428855896,0.4137305021286011,0.8018458485603333,0.690212607383728,0.5626013278961182,0.42587098479270935
90,0.7878758311271667,0.7061449885368347,0.5765352845191956,0.4172820448875427,0.8380553126335144,0.6820999383926392,0.5500864386558533,0.4158393144607544
91,0.7891239523887634,0.705683171749115,0.5757409334182739,0.41691166162490845,0.8177925944328308,0.702984631061554,0.5803099870681763,0.4044339954853058
92,0.7862305641174316,0.6968594193458557,0.5655025839805603,0.4208829998970032,0.8390779495239258,0.7265106439590454,0.603435218334198,0.3901143968105316
93,0.800523579120636,0.7132748365402222,0.5841249227523804,0.40405362844467163,0.8445361256599426,0.7247328162193298,0.6006797552108765,0.3740973174571991
94,0.7947751879692078,0.7107250094413757,0.5810094475746155,0.40960294008255005,0.8221431374549866,0.6999351978302002,0.5737823843955994,0.402532160282135
95,0.7926173806190491,0.7097721695899963,0.5799230933189392,0.4134703576564789,0.8438064455986023,0.7058380842208862,0.5785791873931885,0.3913826644420624
96,0.7861289978027344,0.7011532783508301,0.5696628093719482,0.42073145508766174,0.8300580382347107,0.7195975184440613,0.5979350805282593,0.3887200355529785
97,0.7982805371284485,0.7145065665245056,0.5846923589706421,0.4042697250843048,0.827057421207428,0.7047247290611267,0.5792477130889893,0.39747387170791626
98,0.8004100918769836,0.714602530002594,0.5860579609870911,0.4047277569770813,0.7745009064674377,0.6619330048561096,0.5311437249183655,0.46717265248298645
99,0.7942572236061096,0.7074617743492126,0.5782138705253601,0.40929079055786133,0.5692555904388428,0.5458107590675354,0.4199743866920471,0.8133158683776855
100,0.7934239506721497,0.7088245153427124,0.5768855810165405,0.41275981068611145,0.8201369643211365,0.711309552192688,0.5894322991371155,0.38894781470298767
101,0.7988573312759399,0.7149817943572998,0.5853900909423828,0.40254122018814087,0.7545429468154907,0.6541351675987244,0.5289748907089233,0.4617721736431122
102,0.7854806184768677,0.695227324962616,0.5621322989463806,0.4279630482196808,0.7356414794921875,0.6390973925590515,0.5155530571937561,0.4867103099822998
103,0.7974199056625366,0.7152506709098816,0.5878040194511414,0.40436166524887085,0.8242202997207642,0.7153441905975342,0.5934756994247437,0.3913663327693939
104,0.8051567673683167,0.7213929891586304,0.5928235650062561,0.39522743225097656,0.8258118033409119,0.7123358845710754,0.5896825790405273,0.3904989957809448
105,0.796227753162384,0.7117437720298767,0.5844115018844604,0.4056626856327057,0.837400496006012,0.6964383721351624,0.5648851990699768,0.40894433856010437
106,0.7998213768005371,0.713601291179657,0.5831491947174072,0.40315401554107666,0.8386186361312866,0.7208201885223389,0.5961499810218811,0.3859688639640808
107,0.7892564535140991,0.7084982991218567,0.5777735710144043,0.41352078318595886,0.8006930947303772,0.6875116229057312,0.5646764039993286,0.4194852411746979
108,0.8010157942771912,0.713585615158081,0.5842751860618591,0.4042412340641022,0.8431891798973083,0.7342137694358826,0.6136590242385864,0.36659887433052063
109,0.8045739531517029,0.7194229960441589,0.5912613272666931,0.39778149127960205,0.7955161929130554,0.6959148049354553,0.5772801637649536,0.4168100357055664
110,0.8069989681243896,0.722517192363739,0.5949501991271973,0.39164936542510986,0.8245031833648682,0.709165632724762,0.5828792452812195,0.3980766236782074
111,0.7988734841346741,0.7082008719444275,0.5790217518806458,0.4056423604488373,0.84306401014328,0.7164307832717896,0.5847654938697815,0.3939930498600006
112,0.8030828237533569,0.7192872762680054,0.5901520848274231,0.3962714672088623,0.8418745994567871,0.7327231168746948,0.6083601117134094,0.372005820274353
113,0.8027347326278687,0.7163333892822266,0.5867447853088379,0.3985930383205414,0.8471400737762451,0.7244843244552612,0.6003056764602661,0.37403345108032227
114,0.8086169362068176,0.7233155965805054,0.5965549349784851,0.38961899280548096,0.812790036201477,0.7039329409599304,0.576759934425354,0.4060329794883728
115,0.8028191924095154,0.7164681553840637,0.5862540602684021,0.3986319601535797,0.8507275581359863,0.7431651949882507,0.6239824295043945,0.3617643117904663
116,0.8040213584899902,0.7213692665100098,0.5927988290786743,0.39862075448036194,0.7554638385772705,0.6578072309494019,0.5357043147087097,0.4670659601688385
117,0.811068594455719,0.7278580665588379,0.6018596887588501,0.38468796014785767,0.7498420476913452,0.6492716073989868,0.5209842920303345,0.4947606921195984
118,0.8076444864273071,0.722719132900238,0.5938253998756409,0.3929603695869446,0.8493619561195374,0.7337574362754822,0.6109422445297241,0.3678376376628876
119,0.8064348697662354,0.7231065630912781,0.5953508019447327,0.3954645097255707,0.7338451147079468,0.6488423943519592,0.5294695496559143,0.49315503239631653
120,0.8021149635314941,0.720186710357666,0.5901623368263245,0.40023133158683777,0.8489590883255005,0.7375761866569519,0.6138861775398254,0.3688388168811798
121,0.806308388710022,0.724579930305481,0.5961442589759827,0.39383578300476074,0.8386737704277039,0.7251912951469421,0.6011539101600647,0.37843057513237
122,0.8058521151542664,0.7189444303512573,0.5926483869552612,0.3942635655403137,0.8551400899887085,0.749181866645813,0.6266607046127319,0.3514136075973511
123,0.8105409741401672,0.7297509908676147,0.6033291220664978,0.38600558042526245,0.7688093781471252,0.6619243025779724,0.5360672473907471,0.4535079598426819
124,0.8107267618179321,0.7294849157333374,0.6043270230293274,0.3861219584941864,0.8407860398292542,0.6862244009971619,0.5549890995025635,0.4064945876598358
125,0.8112400770187378,0.7273571491241455,0.6002341508865356,0.38725924491882324,0.8125113248825073,0.7093842625617981,0.591079592704773,0.40010300278663635
126,0.811974287033081,0.7282413840293884,0.601672351360321,0.3887031674385071,0.8360114693641663,0.7305468916893005,0.6133834719657898,0.37866872549057007
127,0.8063259720802307,0.7234674692153931,0.5965930223464966,0.3927425444126129,0.8541604280471802,0.7497375011444092,0.6315422058105469,0.3505055606365204
128,0.8069418668746948,0.7214584350585938,0.5935055613517761,0.394577294588089,0.8041045069694519,0.6969817876815796,0.5733271837234497,0.43034347891807556
129,0.8115136623382568,0.724307656288147,0.5952535271644592,0.39087027311325073,0.8398717641830444,0.7238132357597351,0.6050012111663818,0.37525543570518494
130,0.8120794296264648,0.7286498546600342,0.6018337607383728,0.38438257575035095,0.8583410382270813,0.7379650473594666,0.6174948215484619,0.35857921838760376
131,0.8169189095497131,0.7316802144050598,0.6045483350753784,0.382701575756073,0.8385528922080994,0.7220114469528198,0.601132333278656,0.379119336605072
132,0.8157544136047363,0.7336855530738831,0.607354462146759,0.38086527585983276,0.8449220657348633,0.7356427907943726,0.6157271862030029,0.3675902783870697
133,0.8122861385345459,0.7316073179244995,0.6047206521034241,0.38456177711486816,0.772894024848938,0.6666289567947388,0.5411000847816467,0.4625047445297241
134,0.808505654335022,0.7254648804664612,0.6005375385284424,0.3884769380092621,0.8370389938354492,0.7205781936645508,0.6008895039558411,0.3749440312385559
135,0.8162406086921692,0.7324934005737305,0.6055852174758911,0.37768688797950745,0.7298175692558289,0.6370245218276978,0.5157095193862915,0.5286406874656677
136,0.8080313801765442,0.7266107201576233,0.5987594127655029,0.3901674747467041,0.850555956363678,0.7393805980682373,0.6207619905471802,0.35793620347976685
137,0.818260669708252,0.735896646976471,0.6103838086128235,0.37825194001197815,0.8467154502868652,0.7383215427398682,0.6204962134361267,0.36280301213264465
138,0.8168324828147888,0.7363972067832947,0.6106492877006531,0.37664997577667236,0.8469666242599487,0.7317484617233276,0.6106327772140503,0.37095755338668823
139,0.8143591284751892,0.736198365688324,0.6114493608474731,0.38187745213508606,0.8447327017784119,0.6781579256057739,0.5428286194801331,0.41296637058258057
140,0.8152594566345215,0.72916579246521,0.6027026176452637,0.3830525279045105,0.8167858719825745,0.7104795575141907,0.5893358588218689,0.39742133021354675
141,0.8129156231880188,0.7333562970161438,0.6076498031616211,0.38242223858833313,0.857879638671875,0.7152673006057739,0.5855094790458679,0.3707234859466553
142,0.8190874457359314,0.743111789226532,0.620844304561615,0.3698466718196869,0.8441356420516968,0.7281991243362427,0.6025734543800354,0.37132367491722107
143,0.8064761757850647,0.7254533171653748,0.5989066958427429,0.3910897374153137,0.8501849174499512,0.7324070334434509,0.6086596250534058,0.36567312479019165
144,0.8173013925552368,0.7334112524986267,0.6075587868690491,0.37927761673927307,0.8337438702583313,0.7203060984611511,0.5965187549591064,0.38187235593795776
145,0.8088085651397705,0.7294874787330627,0.6022765040397644,0.38737860321998596,0.8444422483444214,0.7172107696533203,0.5942392349243164,0.37769395112991333
146,0.8120588660240173,0.7265033721923828,0.6008175015449524,0.3851030170917511,0.8520727157592773,0.7085069417953491,0.5820144414901733,0.38304296135902405
147,0.8157471418380737,0.7348063588142395,0.6084974408149719,0.37943580746650696,0.856179416179657,0.745742917060852,0.6239905953407288,0.35688430070877075
148,0.8125690817832947,0.7299101948738098,0.6041072607040405,0.38280901312828064,0.8503325581550598,0.7406368255615234,0.6252556443214417,0.3637484610080719
149,0.8176515698432922,0.7323823571205139,0.605491042137146,0.3774165213108063,0.8084311485290527,0.6968182921409607,0.575560450553894,0.4086702764034271
150,0.8138214349746704,0.7297345399856567,0.6032341718673706,0.3835985064506531,0.8549031019210815,0.7438129782676697,0.6241343021392822,0.35431018471717834
151,0.817898690700531,0.7396383881568909,0.6163224577903748,0.37370264530181885,0.8674381375312805,0.7556478977203369,0.6395536065101624,0.340175598859787
152,0.8179281949996948,0.7380977272987366,0.6142407655715942,0.37601664662361145,0.8576720356941223,0.7536284923553467,0.6367695331573486,0.3493541479110718
153,0.8103257417678833,0.7274910807609558,0.6001100540161133,0.38413485884666443,0.8532233834266663,0.7230190634727478,0.5967437624931335,0.37603792548179626
154,0.8167799711227417,0.7291830778121948,0.6021628975868225,0.38005995750427246,0.8387832045555115,0.7215855717658997,0.5985164642333984,0.3786420226097107
155,0.8160312175750732,0.7322717308998108,0.606384813785553,0.38224947452545166,0.8527055978775024,0.7245866656303406,0.60030198097229,0.36899417638778687
156,0.8180484771728516,0.738425612449646,0.6144077777862549,0.3743768632411957,0.8529356718063354,0.7393198609352112,0.6205943822860718,0.35793018341064453
157,0.8128000497817993,0.7303035855293274,0.603270947933197,0.3812294006347656,0.8472776412963867,0.7380168437957764,0.6204281449317932,0.3609994947910309
158,0.8212192058563232,0.7397103905677795,0.6148202419281006,0.37045538425445557,0.8396115899085999,0.720582127571106,0.602959930896759,0.37671345472335815
159,0.8201996088027954,0.7358720302581787,0.6102021336555481,0.3744605779647827,0.7641525864601135,0.6598493456840515,0.5362303256988525,0.47968152165412903
160,0.8174015879631042,0.7337433099746704,0.6080129742622375,0.3789750933647156,0.8349012136459351,0.729153573513031,0.611374020576477,0.3739388883113861
161,0.8184043169021606,0.7347679138183594,0.6092868447303772,0.3774428069591522,0.860526442527771,0.7466658353805542,0.6314107775688171,0.3440254330635071
162,0.8215668201446533,0.7371397614479065,0.6138202548027039,0.3736169934272766,0.8498086333274841,0.7287428975105286,0.6055675745010376,0.37168431282043457
163,0.8134742975234985,0.7321702837944031,0.606359601020813,0.38346555829048157,0.7944889068603516,0.689850389957428,0.567950963973999,0.4308815598487854
164,0.8202404379844666,0.7374241352081299,0.6136302947998047,0.37385186553001404,0.8344481587409973,0.7218549847602844,0.599183201789856,0.38115108013153076
165,0.8165125846862793,0.7345758080482483,0.6074410080909729,0.3793731927871704,0.8564825057983398,0.7316834330558777,0.6045023202896118,0.36331886053085327
166,0.8185475468635559,0.7391191720962524,0.6144753694534302,0.3738400638103485,0.8503470420837402,0.7375974655151367,0.6152560710906982,0.3610251843929291
167,0.8251230120658875,0.7432001829147339,0.6212300658226013,0.36634454131126404,0.7900617718696594,0.6777191162109375,0.5527116060256958,0.4351574778556824
168,0.819293737411499,0.7411628365516663,0.6164328455924988,0.371325820684433,0.8407739996910095,0.7309654355049133,0.6102002263069153,0.3689204454421997
169,0.8192287087440491,0.7352489233016968,0.6112586855888367,0.37612447142601013,0.8421006202697754,0.721348762512207,0.5993469953536987,0.37277013063430786
170,0.8170576691627502,0.7363516092300415,0.6096551418304443,0.3771803677082062,0.8005749583244324,0.6943589448928833,0.5725997686386108,0.42500415444374084
171,0.8243239521980286,0.7448979616165161,0.6222610473632812,0.3653479218482971,0.8589290976524353,0.7389103770256042,0.619785487651825,0.3495302200317383
172,0.8227576017379761,0.7399867177009583,0.6154447197914124,0.37091296911239624,0.840027391910553,0.7278756499290466,0.6054880619049072,0.3712656497955322
173,0.8219422101974487,0.7427616715431213,0.6185893416404724,0.3684771955013275,0.8613755702972412,0.7363616824150085,0.6154066324234009,0.35203075408935547
174,0.8270691633224487,0.7459794282913208,0.6216236352920532,0.36238589882850647,0.8336609601974487,0.7297961115837097,0.61164391040802,0.3694442808628082
175,0.8238138556480408,0.7442818284034729,0.6210253834724426,0.3670714199542999,0.8421350717544556,0.7362460494041443,0.6168849468231201,0.36004477739334106
176,0.8190104365348816,0.743131697177887,0.6195006370544434,0.3720811605453491,0.8251595497131348,0.7182079553604126,0.5991212725639343,0.3824726343154907
177,0.8237520456314087,0.7431173324584961,0.6190535426139832,0.3665391504764557,0.8621793389320374,0.7327443957328796,0.6105983853340149,0.357692152261734
178,0.8225868940353394,0.7431420683860779,0.6202065348625183,0.3691689670085907,0.864630401134491,0.7584864497184753,0.6416506171226501,0.34037989377975464
179,0.8164656162261963,0.7364131212234497,0.6116737723350525,0.37697330117225647,0.7684110999107361,0.669958770275116,0.5456245541572571,0.4454454481601715
180,0.8176499605178833,0.7371616363525391,0.6125834584236145,0.37734830379486084,0.8459842801094055,0.7276252508163452,0.6070843935012817,0.36933109164237976
181,0.8241098523139954,0.7471886873245239,0.6245687007904053,0.3640335500240326,0.8685218095779419,0.7595767974853516,0.6411659121513367,0.33629801869392395
182,0.8242725133895874,0.745585560798645,0.6204525828361511,0.36728435754776,0.8441121578216553,0.7433480620384216,0.6249421238899231,0.3657319247722626
183,0.8254561424255371,0.7483724355697632,0.6246008276939392,0.3625621497631073,0.8499240875244141,0.7384545207023621,0.6236253380775452,0.3588418662548065
184,0.8239275217056274,0.743449330329895,0.6194362640380859,0.36649736762046814,0.8353223204612732,0.728861927986145,0.6131229400634766,0.3936091363430023
185,0.8213729858398438,0.7397896647453308,0.6166025996208191,0.3725442886352539,0.8487401604652405,0.7268069982528687,0.6033071279525757,0.36931535601615906
186,0.8092232346534729,0.7259949445724487,0.5997208952903748,0.38974377512931824,0.8495445847511292,0.7400904893875122,0.6221600770950317,0.35895058512687683
187,0.824354887008667,0.7423943281173706,0.616660475730896,0.366970032453537,0.8587144613265991,0.7481150031089783,0.6288703680038452,0.34767958521842957
188,0.820170521736145,0.7391194701194763,0.61439049243927,0.3731535077095032,0.845436155796051,0.7376400232315063,0.6220185160636902,0.3597341775894165
189,0.8241991996765137,0.7465259432792664,0.6246547102928162,0.36391758918762207,0.8212205767631531,0.7138528227806091,0.5939580202102661,0.3955753743648529
190,0.8194272518157959,0.740294337272644,0.6146862506866455,0.37274184823036194,0.7921547889709473,0.6900572180747986,0.5696955323219299,0.4345645010471344
191,0.8220712542533875,0.7415755391120911,0.6176290512084961,0.3690790832042694,0.8315554857254028,0.7177767157554626,0.5972782373428345,0.3831191062927246
192,0.8240894079208374,0.740729570388794,0.6164684295654297,0.3689272701740265,0.7376481890678406,0.6458446979522705,0.5235674381256104,0.5166869163513184
193,0.8227586150169373,0.7432149648666382,0.6167078614234924,0.37154364585876465,0.8285658359527588,0.715036928653717,0.5965132117271423,0.3838261365890503
194,0.8280148506164551,0.7497132420539856,0.6268645524978638,0.36088064312934875,0.860923171043396,0.766646146774292,0.6559317111968994,0.3305874168872833
195,0.8249047994613647,0.7482139468193054,0.6249606609344482,0.3638451397418976,0.8645198345184326,0.7465614080429077,0.6306200623512268,0.34015798568725586
196,0.8261094093322754,0.7478968501091003,0.6238206624984741,0.36350783705711365,0.8385535478591919,0.7299543619155884,0.6084648370742798,0.3752520680427551
197,0.824655294418335,0.7433543801307678,0.6202775835990906,0.3647838532924652,0.872015118598938,0.7638962268829346,0.6479812860488892,0.33059149980545044
198,0.8295773267745972,0.7468948364257812,0.6248310208320618,0.36026331782341003,0.8583783507347107,0.7174453735351562,0.5960143208503723,0.3655664920806885
199,0.8224119544029236,0.7423735857009888,0.6172686219215393,0.3674911558628082,0.8609011173248291,0.7519648671150208,0.6335792541503906,0.34773778915405273
200,0.8287060856819153,0.7496046423912048,0.6279898881912231,0.36209636926651,0.8276933431625366,0.723166823387146,0.604385256767273,0.3863695561885834
201,0.8225864768028259,0.7412757873535156,0.6178109645843506,0.36869755387306213,0.8733996748924255,0.770740270614624,0.6572394967079163,0.3203451335430145
202,0.8257779479026794,0.7482438683509827,0.6263090372085571,0.36449024081230164,0.8348062634468079,0.7388295531272888,0.6243917346000671,0.36970579624176025
203,0.8243291974067688,0.7468823790550232,0.6248828172683716,0.3659478724002838,0.8247885704040527,0.7114957571029663,0.5896564722061157,0.39482611417770386
204,0.8251534104347229,0.7452354431152344,0.6223562955856323,0.36713939905166626,0.8668023943901062,0.7556218504905701,0.6376816034317017,0.33956965804100037
205,0.8270769715309143,0.7452011108398438,0.6217296719551086,0.36480581760406494,0.7785682082176208,0.6744495630264282,0.5479462146759033,0.4440862536430359
206,0.8244187235832214,0.7426860928535461,0.6192496418952942,0.36834558844566345,0.8648688197135925,0.7556270956993103,0.6379519701004028,0.3380254805088043
207,0.8296234011650085,0.7553493976593018,0.6340678930282593,0.35639485716819763,0.8432826995849609,0.7221420407295227,0.6015756726264954,0.37209582328796387
208,0.8248687982559204,0.7488240003585815,0.6265538930892944,0.362069308757782,0.8538755774497986,0.7484932541847229,0.6321939826011658,0.3501059412956238
209,0.821325421333313,0.742540180683136,0.6194927096366882,0.3678230345249176,0.8089510798454285,0.6979219913482666,0.5743584036827087,0.42287102341651917
210,0.8280497789382935,0.7503101229667664,0.6269720792770386,0.3594815731048584,0.8519895076751709,0.7440145015716553,0.6262429356575012,0.34902307391166687
211,0.8247389793395996,0.7440849542617798,0.6226345896720886,0.36287009716033936,0.8408889174461365,0.7403756380081177,0.6264147162437439,0.3569798469543457
212,0.8263320922851562,0.750329315662384,0.6276434659957886,0.3600960075855255,0.8405427932739258,0.7270456552505493,0.6096926331520081,0.3678279519081116
213,0.8272860646247864,0.7457049489021301,0.6232510805130005,0.3630659878253937,0.8319734930992126,0.7178421020507812,0.5954583287239075,0.38834574818611145
214,0.8279134035110474,0.7505571842193604,0.627701997756958,0.35932645201683044,0.8542507886886597,0.7452095746994019,0.6297293305397034,0.35311055183410645
215,0.828453540802002,0.7457122802734375,0.6220638751983643,0.3618456721305847,0.8011102676391602,0.6902991533279419,0.5661820769309998,0.4234389066696167
216,0.8250650763511658,0.7461488842964172,0.6217535138130188,0.36638402938842773,0.8190876245498657,0.7177218198776245,0.6017652750015259,0.39269712567329407
217,0.829094409942627,0.7505397200584412,0.6274666786193848,0.3627976179122925,0.8604994416236877,0.7401140332221985,0.6145204305648804,0.35389208793640137
218,0.8306862115859985,0.7513437271118164,0.6304744482040405,0.3578881025314331,0.8604222536087036,0.7477772831916809,0.6278014779090881,0.3474949300289154
219,0.8258143663406372,0.7463250160217285,0.6233640909194946,0.36139926314353943,0.8669665455818176,0.7560214400291443,0.6431092619895935,0.33754342794418335
220,0.825195848941803,0.7425582408905029,0.6178314089775085,0.3655908703804016,0.803704559803009,0.697160542011261,0.5763619542121887,0.4131062626838684
221,0.8306658864021301,0.7491113543510437,0.6265155673027039,0.359097421169281,0.8331079483032227,0.7300571203231812,0.6134907007217407,0.377959668636322
222,0.8286397457122803,0.7471926212310791,0.625377357006073,0.36283203959465027,0.8388139605522156,0.7254645228385925,0.6028890609741211,0.37504681944847107
223,0.8280412554740906,0.7493464946746826,0.627389132976532,0.363369882106781,0.8367188572883606,0.7282142043113708,0.6081680059432983,0.37356507778167725
224,0.8260408043861389,0.7503254413604736,0.6251065731048584,0.36314454674720764,0.8137616515159607,0.7124530673027039,0.5940412878990173,0.3997384011745453
225,0.832121729850769,0.7482413053512573,0.6268565058708191,0.3567411005496979,0.8476033210754395,0.7128506302833557,0.5843941569328308,0.3838713765144348
226,0.8283745050430298,0.7482152581214905,0.6262582540512085,0.3605010211467743,0.852331280708313,0.7451333999633789,0.6314008235931396,0.3529447615146637
227,0.8300758600234985,0.7509666085243225,0.6279056668281555,0.35789018869400024,0.8644037246704102,0.7519547939300537,0.631450891494751,0.3425261378288269
228,0.8280981779098511,0.7460163235664368,0.6233794093132019,0.36209502816200256,0.8603264093399048,0.7540016174316406,0.6387810111045837,0.3392592668533325
229,0.829146146774292,0.7489092350006104,0.6257944703102112,0.3576725125312805,0.8627093434333801,0.7561501860618591,0.6412751078605652,0.33790379762649536
230,0.8257096409797668,0.7452293038368225,0.621444821357727,0.36475393176078796,0.8591437935829163,0.7220903038978577,0.5953236818313599,0.371379554271698
231,0.831683874130249,0.7515757083892822,0.628810703754425,0.3554597496986389,0.8646023869514465,0.7621858716011047,0.6483950018882751,0.3317231833934784
232,0.8279532790184021,0.7484263777732849,0.6258928179740906,0.3610646724700928,0.8208507299423218,0.7116687297821045,0.5898500084877014,0.3853584825992584
233,0.8312320709228516,0.7538852095603943,0.631895124912262,0.35439056158065796,0.8469067215919495,0.733923614025116,0.6151943206787109,0.3604012727737427
234,0.8291804790496826,0.7500444054603577,0.6276071071624756,0.3612227439880371,0.8700429797172546,0.7603790163993835,0.6456225514411926,0.3319298326969147
235,0.8317421674728394,0.7542010545730591,0.6332423090934753,0.3536708354949951,0.8645420074462891,0.7416984438896179,0.62115478515625,0.35090959072113037
236,0.831801176071167,0.7512032985687256,0.6299987435340881,0.35754814743995667,0.8614308834075928,0.7217509746551514,0.59895259141922,0.3680659234523773
237,0.8262801766395569,0.7455839514732361,0.623305082321167,0.36252230405807495,0.8675317764282227,0.7495638728141785,0.628748893737793,0.34533679485321045
238,0.8284081816673279,0.7557903528213501,0.6342183351516724,0.3561548590660095,0.8669239282608032,0.7536554336547852,0.6390976309776306,0.335244357585907
239,0.8330273628234863,0.7573878169059753,0.6373400688171387,0.35484686493873596,0.8225879073143005,0.7117187976837158,0.5887187123298645,0.38861197233200073
240,0.828973650932312,0.7497787475585938,0.6281211972236633,0.3606869578361511,0.7793685793876648,0.6755350828170776,0.54981529712677,0.45903319120407104
241,0.8291900753974915,0.7460776567459106,0.623495876789093,0.36139440536499023,0.8503165245056152,0.7450040578842163,0.6305309534072876,0.35761967301368713
242,0.8305426836013794,0.7492788434028625,0.6269237399101257,0.35797175765037537,0.8660637140274048,0.7505423426628113,0.6248894333839417,0.34082525968551636
243,0.8271688222885132,0.7458629608154297,0.6235414147377014,0.36172518134117126,0.8090621829032898,0.6994626522064209,0.578995406627655,0.41316717863082886
244,0.8334537148475647,0.7530781626701355,0.6316864490509033,0.35520139336586,0.8369982838630676,0.6514297723770142,0.5208819508552551,0.433699369430542
245,0.8288434743881226,0.7474077939987183,0.6227623820304871,0.36237895488739014,0.8771414756774902,0.7702702879905701,0.6552760601043701,0.3213701546192169
246,0.8309690952301025,0.751833975315094,0.6276869773864746,0.35882237553596497,0.8533087968826294,0.7490730285644531,0.6339737176895142,0.35174310207366943
247,0.8337646722793579,0.7528281211853027,0.6322809457778931,0.35385411977767944,0.8402841687202454,0.7330830097198486,0.6141521334648132,0.36502137780189514
248,0.8346567749977112,0.7522718906402588,0.6318588852882385,0.35143059492111206,0.8439135551452637,0.7405611872673035,0.6263363361358643,0.3649102747440338
249,0.8251292109489441,0.7502288818359375,0.627804160118103,0.36058273911476135,0.7506008148193359,0.6578877568244934,0.5305377244949341,0.47752076387405396
250,0.8279017806053162,0.7485446929931641,0.6246416568756104,0.3635365068912506,0.811911940574646,0.7072874903678894,0.5856045484542847,0.4130136966705322
251,0.8308987617492676,0.7527077198028564,0.6306515336036682,0.35709959268569946,0.8211011290550232,0.7213394045829773,0.6060181856155396,0.38518938422203064
252,0.8294313549995422,0.7513275742530823,0.6278578042984009,0.35818538069725037,0.8639368414878845,0.7498766779899597,0.6329031586647034,0.3462662696838379
253,0.8341372013092041,0.7610074877738953,0.6414991617202759,0.34874510765075684,0.8630087971687317,0.7593669295310974,0.6447646617889404,0.3421814739704132
254,0.8315267562866211,0.755222499370575,0.6347817778587341,0.3534839451313019,0.8336551785469055,0.7270570397377014,0.6080367565155029,0.37262338399887085
255,0.8341863751411438,0.7592989802360535,0.6386685967445374,0.3491242825984955,0.8676469326019287,0.7592100501060486,0.6440863013267517,0.3368362486362457
256,0.8280370831489563,0.7441102266311646,0.6217531561851501,0.362384557723999,0.8272420763969421,0.7184917330741882,0.5996814370155334,0.3790571689605713
257,0.8324213624000549,0.7557359933853149,0.6337918639183044,0.3544663190841675,0.8302552103996277,0.7116603851318359,0.587172269821167,0.3890872597694397
258,0.8386453986167908,0.7618702054023743,0.6420607566833496,0.34405869245529175,0.8678482174873352,0.7606428861618042,0.6442610025405884,0.3353731334209442
259,0.8319540023803711,0.7522553205490112,0.6319895386695862,0.3560440242290497,0.8642770051956177,0.7539987564086914,0.6368821263313293,0.33970731496810913
260,0.8285199403762817,0.7504792809486389,0.6295180320739746,0.35750332474708557,0.8440401554107666,0.7363718748092651,0.6199752688407898,0.3653232753276825
261,0.8294734358787537,0.7542762756347656,0.6315565705299377,0.35708194971084595,0.8735572099685669,0.7626920938491821,0.6466979384422302,0.32680603861808777
